{"cameraMode":{"drawMode":0,"name":"Shaded","section":"Shading Mode"},"sceneLighting":false,"audioPlay":false,"sceneViewState":{"showFog":true,"showMaterialUpdate":false,"showSkybox":true,"showFlares":true,"showImageEffects":true,"showParticleSystems":true},"in2DMode":false,"pivot":{"x":-8.69095516204834,"y":-0.28485584259033205,"z":-1.9464211463928223},"rotation":{"x":0.2578316330909729,"y":-0.6432834267616272,"z":0.2445671707391739,"w":0.678168773651123},"size":6.234186172485352,"orthographic":false}