{"cameraMode":{"drawMode":0,"name":"Shaded","section":"Shading Mode"},"sceneLighting":false,"audioPlay":false,"sceneViewState":{"showFog":true,"showMaterialUpdate":false,"showSkybox":false,"showFlares":true,"showImageEffects":true,"showParticleSystems":true},"in2DMode":false,"pivot":{"x":-8.204435348510743,"y":0.44077181816101076,"z":-8.268266677856446},"rotation":{"x":0.2948533594608307,"y":-0.6482417583465576,"z":0.30147674679756167,"w":0.6340003609657288},"size":2.078773260116577,"orthographic":false}