{"cameraMode":{"drawMode":0,"name":"Shaded","section":"Shading Mode"},"sceneLighting":false,"audioPlay":false,"sceneViewState":{"showFog":true,"showMaterialUpdate":false,"showSkybox":true,"showFlares":true,"showImageEffects":true,"showParticleSystems":true},"in2DMode":false,"pivot":{"x":-8.789567947387696,"y":1.2921127080917359,"z":-0.22998046875},"rotation":{"x":0.48408210277557375,"y":-0.515272319316864,"z":0.48177099227905276,"w":0.5177453756332398},"size":4.664102077484131,"orthographic":false}