{"cameraMode":{"drawMode":0,"name":"Shaded","section":"Shading Mode"},"sceneLighting":false,"audioPlay":false,"sceneViewState":{"showFog":true,"showMaterialUpdate":false,"showSkybox":true,"showFlares":true,"showImageEffects":true,"showParticleSystems":true},"in2DMode":false,"pivot":{"x":-7.51361608505249,"y":-0.08441925048828125,"z":-0.6612647771835327},"rotation":{"x":0.3942345678806305,"y":-0.5788646936416626,"z":0.37620803713798525,"w":0.606601893901825},"size":4.329862594604492,"orthographic":false}