{"cameraMode":{"drawMode":0,"name":"Shaded","section":"Shading Mode"},"sceneLighting":false,"audioPlay":false,"sceneViewState":{"showFog":true,"showMaterialUpdate":false,"showSkybox":true,"showFlares":true,"showImageEffects":true,"showParticleSystems":true},"in2DMode":false,"pivot":{"x":3983.999755859375,"y":3817.991943359375,"z":-985.3162231445313},"rotation":{"x":0.30735960602760317,"y":-0.5549531579017639,"z":0.23124171793460847,"w":0.7376238703727722},"size":19.934659957885743,"orthographic":false}